Count,synonyms,tagName
"2259229","javascript-disabled,javascript-library,javascript-runtime,vanilla-javascript,javascript-module,vanilla-js,vanillajs,js,.js,ecmascript,javascript-execution,classic-javascript,javascript-alert,javascript-dom","javascript"
"1794029","openjdk,oraclejdk,java-libraries,java-api,javax,java-se,j2se,core-java,.java,jdk,jre","java"
"1780756","py,python-interpreter,python-shell,pythonic","python"
"1493780","c#-language,c#.net,c-sharp,visual-c#,csharp,.cs-file","c#"
"1412089","php-oop,hypertext-preprocessor,php-frameworks,php-date,php5,php.ini,php-cli,php-mail,php-errors,php-readfile,php-functions,php-cgi,php-session,php-namespaces,php-fpm,php-include,phtml","php"
"1345673","android-framework,android-ui,android-application,android-mobile,android-sdk,android-device,android-api","android"
"1086555","webpage,html5,time-tag,html-head,html-tag,html-attributes,html-comments,span,div,divs,nested-divs,div-layouts","html"
"1016284","jquery-filter,jquery-effects,addclass,jquery-css,jquery-hasclass,jquery-find,jquery-callback,jquery-get,jquery-post,jquery-after,toggleclass,removeclass,jquery-live,jquery-core","jquery"
"734762","cxx,cpp","c++"
"729004","css-inheritance,css2,css-columns,css-validation,box-model,min-height,min-width,max-height,max-width,css-centering,css-display,style.css-template-file,css-attributes,css-height,css-classes,cascading-style-sheet,css-layout,css-background-image,css-borders,dynamic-css,css-font-weight,css-reset,css-menu,font-weight,inline-block,css-box-model,alternate-stylesheets,css-overflow,css-line-height,css-border-image,css-border-radius,css-box-shadow,css-text-shadow,css3,css-text-overflow,box-sizing,box-shadow","css"
"659926","apple-ios,iphone-os,ios-sdk","ios"
"630294","mysql-query,my-sql,mysql-server,mysql-table,mysqld,mysqlclient,mysqldump,mysql-if,mysqlsh","mysql"
"601600","sql-statement,sql-query,sqlselect,sql-select,sql-syntax,select-statement","sql"
"415751","r-language,rstats","r"
"398787","nodejs,io.js","node.js"
"370609","arraycopy,static-array,bytearray,swift-array,sub-arrays,character-arrays,mongodb-arrays,jsonarray,string-array,char-array,array-of-objects,javascript-array,array","arrays"
"364221","asp-net,aspx,aspdotnet,asp.net-website","asp.net"
"363425","","c"
"327767","rails,ror","ruby-on-rails"
"325675","react.js,react-jsx,react","reactjs"
"324167","json-parsing,json-encode,json-decode,jsonobject","json"
"310446","dot-net,dotnet,.net-framework",".net"
"307938","mssql,ms-sql-server,sql-srever","sql-server"
"300957","swift-language,swift-ios,swift1.2","swift"
"292654","python3,python-3,py3k,python3k,py3","python-3.x"
"291876","objc","objective-c"
"273299","","django"
"262230","angular1.x,angular.js","angularjs"
"260013","angularjs2,angular2,angular4,angular4.x","angular"
"250331","ms-excel,workbook,excel-macro","excel"
"243166","apache-regexp,regex-php,perl-regex,regularexpression,perlre,regexes,regexp,regular-expression,regular-expressions","regex"
"221171","iphone-web,iphone-development,iphone-app,iphone-sdk,iphone-programming,iphone-ios","iphone"
"220612","","ruby"
"216887","ajax-request,.ajax","ajax"
"212614","","pandas"
"207600","","linux"
"203699","xml-file","xml"
"195378","aspnet.mvc,aspnet-mvc,asp-mvc,asp.net.mvc,asp-net-mvc,asp.mvc,mvc.net","asp.net-mvc"
"190993","visual-basic-applications,vba-macros,macros-vba","vba"
"187821","spring-framework,spring-config,spring-java-config","spring"
"180588","dbms,database-structure,db,databases","database"
"179464","","laravel"
"178924","wordpress-loop,wordpress-plugin-dev,wordpress-mu,wordpress-filter,wordpress-widget,wordpress-permission,wordpress-theme-customize,wp-query,wordpress-plugin,wpdb","wordpress"
"167439","empty-string,strings,str,string-manipulation","string"
"162524","","wpf"
"157110","atscript,vanilla-typescript","typescript"
"151809","mongod,mongo","mongodb"
"151781","windows-applications,windows-programming,windows-application","windows"
"151337","xcode-ide","xcode"
"141615","postgres,pgsql,sql-postgres","postgresql"
"137514","bash-alias,bash-variables,bash-script,bashrc,.bashrc,.bash-profile,bash-function","bash"
"136111","","oracle"
"135844","git-commands","git"
"134930","vbproj,vb","vb.net"
"130917","cross-threading,multi-threaded,threading,multithread,thread,threads","multithreading"
"122597","","eclipse"
"121924","aws","amazon-web-services"
"120049","prolog-lists,python-list,ilist,lists","list"
"116313","firebase-android","firebase"
"109324","algorithm-design,algorithms","algorithm"
"109241","","spring-boot"
"108611","mac,macosx,osx","macos"
"107872","az,windows-azure","azure"
"107580","form,html-form","forms"
"106550","picture,pictures,img,images","image"
"105353","","scala"
"104270","visual-studio-community,vs.net,msvs","visual-studio"
"104216","reactjs-native","react-native"
"101822","","docker"
"101277","dataframes,data-frame,data.frame,r-df,pandas-df","dataframe"
"101182","bootstrap-framework","twitter-bootstrap"
"98165","","flutter"
"96506","functions,def","function"
"95104","windows-powershell","powershell"
"94774","","python-2.7"
"94320","slow-load,code-efficiency,performance-measurement,performance-monitoring,slowness,android-performance,javascript-performance,jquery-performance,linq-performance,wcf-performance,application-performance,tuning,faster,running-time,speed-up,efficiency,perfomance,performance-issues,performance-tuning,fast,slow,performance-comparison,speed","performance"
"93584","apis","api"
"93247","winform,window-form,windows-form,window-forms,windows-forms,windows.forms,windows-forms-app","winforms"
"93144","","numpy"
"91356","matlab-ide,matlab-path,m-file,mlint,matlab-toolbox","matlab"
"89705","httpd","apache"
"89220","","selenium"
"89076","sqlite3,sqlitedatabase,sqllite","sqlite"
"88306","","hibernate"
"87191","entity-framework-mapping,fluent-entity-framework,entity-framework-designer,sql-to-entity-framework,linq-entity-framework,ef","entity-framework"
"85357","facebook-api,facebook-sdk,facebook-connect,facebook-application,facebook-sdk-ios","facebook"
"83941","restful-architecture,rest-api,restful,restful-web-services","rest"
"83920","shell-trap,shellscript,shell-script,shell-scripting,shell-command,shell-commands","shell"
"83511","iterate,loop,looping","loops"
"82627","vue,vuejs,vue-js","vue.js"
"81893","language-integrated-query,linq-query-syntax","linq"
"80261","mvn","maven"
"80132","androidstudio-settings","android-studio"
"79998","","qt"
"79031","express.js,expressjs","express"
"78965","comma-separated,.csv,tsv","csv"
"78686","java-swing,javax.swing","swing"
"76379","unit-tests,unit-test,unittest","unit-testing"
"75561","files","file"
"72190","classes","class"
"71481","tensorflow-gpu","tensorflow"
"70425","htaccess,codeigniter-htaccess",".htaccess"
"70052","spark-cluster-framework,spark","apache-spark"
"69541","symfony2,symfony3","symfony"
"68908","dates,java-date","date"
"68878","sorting-algorithm,array-sorting,sort,date-sorting,sorted","sorting"
"68439","codeigniter-activerecord,codeigniter-pagination,codeigniter-url,codeigniter-routing,codeigniter-form-helper,codeigniter-validation,codeigniter-classloader,codeigniter-hooks,codeigniter-helpers,codeigniter-upload,codeigniter-hmvc","codeigniter"
"67944","transact-sql","tsql"
"67714","chrome","google-chrome"
"65831","perl5","perl"
"64963","map,dict,dictionaries","dictionary"
"64282","google-maps-api,gmaps","google-maps"
"64031","opencv-contrib,image-processing,opencv-python","opencv"
"63448","uitable,tableviewcell,uitableviewcell,uitableviewcellaccessory,uitableviewcellstylevalue,uitableviewstyle,uitableviewdatasource,uitableviewdelegate,uitableviewheader,uitableviewfooter,uitableview-section,uitableviewstylegrouped,uitableviewcontroller,uitableviewcelll","uitableview"
"63016","validating,validator,data-validation,validations,validate,validators,form-validation,input-validation","validation"
"62817","bsd-sockets,socket,socket-programming","sockets"
"62683","","http"
"62471","asp.net-5,asp.net-vnext,aspnet-core,asp-net-core","asp.net-core"
"62045","datetime-operation,datetime-functions,datetime-manipulation","datetime"
"61496","","kotlin"
"61215","apache-cordova","cordova"
"60632","for","for-loop"
"60146","plt,pylab,pyplot","matplotlib"
"60138","web-service","web-services"
"59264","unity,unity3d-5,unity5,unity2d,unity5.3,unity-game-engine","unity3d"
"58654","","xaml"
"57755","objects","object"
"57724","android-layout-xml","android-layout"
"56771","oo,object-orientation,ood,object-oriented,object-oriented-design,oops,object-oriented-modeling,oo-design","oop"
"56563","email-integration,email-injection,mail","email"
"56123","spring-mvc-initbinders,spring-web","spring-mvc"
"56034","ror3,rails3","ruby-on-rails-3"
"55776","","dart"
"55663","golang,go-language","go"
"54547","xubuntu,kubuntu,lubuntu","ubuntu"
"54230","c++0x","c++11"
"53945","microsoft-access,mdb,accdb","ms-access"
"53795","sql2008,mssql2008,ssms-2008","sql-server-2008"
"53689","if,else,if-then,ifelse,elseif,if-else-statement,if-then-else,if-else,if-clause,if-condition","if-statement"
"53550","parser,parsers,parse","parsing"
"53162","secure,vulnerability,vulnerabilities,web-security,cybersecurity","security"
"52498","gui,ui","user-interface"
"51881","","jsp"
"51607","pointer,ptr","pointers"
"51565","elastic","elasticsearch"
"51419","auth,authenticate,logon,user-authentication,client-authentication,login","authentication"
"51402","expandablelistview","listview"
"50851","cmd-script,winbatch,dos-batch,bat,.bat,batch-files,windows-batch,batch,batch-script","batch-file"
"50441","wcf-service","wcf"
"50367","template","templates"
"49597","vars,variable","variables"
"48427","object-pascal","delphi"
"48071","","nginx"
"47951","debug,debugger","debugging"
"47146","","haskell"
"47143","","machine-learning"
"46900","vs2010,visual-studio-2010-rtm,msvc10,vs2010-express,visual-studio-2010-sp1,visual-studio-2010-rc,visual-studio-2010-beta-1,visual-studio-2010-beta-2","visual-studio-2010"
"46861","flask-blueprint","flask"
"46781","tls","ssl"
"46721","","pdf"
"46631","","xamarin"
"46562","java-persistence-api,jakarta-persistence","jpa"
"46054","gae,appengine,google-app-engine-java,google-app-engine-python","google-app-engine"
"45893","","github"
"45579","asynchronously,asynchronous-processing,async","asynchronous"
"45492","unix-utils,unix-programming","unix"
"45489","","jenkins"
"44622","","android-fragments"
"44514","selenium2,selenium-webdriver-c#,selenium-webdriver-java,webdriverjs,webdriver,selenium","selenium-webdriver"
"44425","generic,.net-generics,generic-class,kotlin-generics,scala-generics,generic-programming,swift-generics,java-generics","generics"
"44025","software-testing,tests,test","testing"
"43968","www,websites,website","web"
"43876","","gradle"
"43401","apache-hadoop","hadoop"
"43323","ggplot,qplot","ggplot2"
"43314","sessions","session"
"43213","ionic","ionic-framework"
"42305","mvc4","asp.net-mvc-4"
"42044","s3-bucket,s3,aws-s3","amazon-s3"
"41534","recursive","recursion"
"41498","animated,rotateanimation,scaleanimation,animations","animation"
"41448","apache-tomcat","tomcat"
"41330","as3-api,as3","actionscript-3"
"41229","google-script,googlescript,gs-installable-triggers,google-apps-script-simple-triggers,google-apps-script-web-application,gas-web-app,google-apps-script-html-service,google-apps-script-editor,google-apps-script-dashboard,google-apps-script-project,google-apps-script-menu,google-apps-script-runtime,google-apps-script-libraries,google-sheets-macros,google-sheets-custom-function,google-apps-script-addon,gsuite-addons,gmail-addons,advanced-google-services,google-scripts","google-apps-script"
"41114","tk,tcltk","tkinter"
"41059","urls","url"
"40884","kubernetes-pod,k8s","kubernetes"
"40879","","heroku"
"40784","","curl"
"40096","npmjs","npm"
"39564","","jquery-ui"
"39338","","cocoa"
"39297","","mongoose"
"39294","maths,mathematics,mathematical,arithmetic","math"
"39270","custom-exceptions,exception-handling,exceptions","exception"
"39203","inherit,inheritence","inheritance"
"39092","svg-image,svg-path,svgz","svg"
"39033","ie,msie","internet-explorer"
"38998","jointable,joins,sql-join","join"
"38762","windows-sdk,window-api,win32api,win32,windows-api","winapi"
"38552","mvc3,asp.net-mvc-3-validation","asp.net-mvc-3"
"38507","scraper,webpagescraping","web-scraping"
"38464","","image-processing"
"38406","asm,assembler,assembly-language","assembly"
"38378","","post"
"38362","html-dom,htmldocument","dom"
"38186","redirects,redirection,url-redirection,redirecting","redirect"
"38186","intellij-2016.1,intellij","intellij-idea"
"37924","magento-extension,magento-theming,magento-catalog,magento-enterprise,magento-upgrade,magento-admin,magento-widgets,magento-module","magento"
"37832","laravel-5.1,laravel-5.2,laravel-5.3,laravel-5.4,laravel-5.5,laravel-5.6","laravel-5"
"37688","d3.js-v5,d3v5,d3.js-v4,d3js,d3v4,d3","d3.js"
"37527","gs,google-sheets-conditionalformatting,gs-conditional-formatting,google-sheets-filter-view,google-sheets-charts,google-sheets-export-url,google-spreadsheet,sheets","google-sheets"
"37486","","firefox"
"37383","","webpack"
"37364","buttons","button"
"37298","","gcc"
"37213","select-query","select"
"37143","matrices","matrix"
"37068","logger,log,logs","logging"
"37057","vscode","visual-studio-code"
"36656","","ruby-on-rails-4"
"36529","","keras"
"36481","","opengl"
"36466","django-fields,django-imagefield","django-models"
"36424","","iis"
"36139","xml-transform,xsltprocessor,xsltproc,xslt-2.0-processors,xsl,xsltransform","xslt"
"36013","event","events"
"35914","firebase-database","firebase-realtime-database"
"35708","cached,cache-coherence,cache","caching"
"35682","xpath-expression","xpath"
"35675","","javafx"
"35655","network,networks","networking"
"35448","","jsf"
"35309","","asp.net-web-api"
"35184","searching","search"
"35176","adobe-flash,swf,flash-player,flash-ide","flash"
"34946","dotnetcore,dotnet-core",".net-core"
"34833","stored-procedure,sproc","stored-procedures"
"34738","ipad-sdk,ipad-splitview,ipad-ui","ipad"
"34705","optimizer,optimize,optimisation,optimizing,optimizations,code-optimization","optimization"
"34590","cocoa-touch-framework","cocoa-touch"
"34563","graph-api,facebook-graph","facebook-graph-api"
"34252","decryption,encrypt,cipher,decrypt,deciphering,encrypted,data-encryption","encryption"
"33901","sound-api,sounds,sound","audio"
"33793","","canvas"
"33235","","memory"
"33222","plotting","plot"
"32798","servletcontext,httpservletrequest,httpservletresponse,servlet,webservlet","servlets"
"32544","","arraylist"
"32489","cookie","cookies"
"32287","videos,movie,movies","video"
"32255","vectors","vector"
"32236","google-cloud,gcp","google-cloud-platform"
"32220","numpy-ndarray,3d-array,2d-array,nested-array,rectangular-arrays,ndarray,multidimensional","multidimensional-array"
"32130","aws-ec2,ec2","amazon-ec2"
"32056","mvc","model-view-controller"
"32024","rewriteengine,rewritecond,rewriterule,rewritebase,rewritemap","mod-rewrite"
"31662","java.util.random,prng,rng,random-sample,random-number-generator,pseudo-random-numbers,random-generator,random-numbers,random-number,rand,random-alpha-generator,random-string,random-string-generator","random"
"31394","cake","cakephp"
"31315","razor-web-pages,asp.net-razor-pages,.cshtml,cshtml,vbhtml,mvcrazor","razor"
"31251","jdbc-driver","jdbc"
"31237","inputs","input"
"31085","serializer,serialize,unserialize,deserialize,serialisation,serialze,serializing,serialized","serialization"
"30998","iframes","iframe"
"30592","xamarin-forms","xamarin.forms"
"30564","redux-reducers","redux"
"30352","index,indexes","indexing"
"30285","share-intent,android-intent-flags,intent,intents","android-intent"
"30083","gang-of-four,gof,patterns,design-pattern,pattern","design-patterns"
"29829","data-structure","data-structures"
"29825","vc,vc++.net,msvc++,msvc,vc++,microsoft-visual-c++","visual-c++"
"29797","mawk,awk-formatting,nawk,gawk","awk"
"29616","firebase-firestore,firestore,cloud-firestore,firebase-cloud-firestore,firebasefirestore","google-cloud-firestore"
"29557","groovygrails","grails"
"29224","plaintext","text"
"29220","java-ee,java-ee-web-profile,j2ee,jee","jakarta-ee"
"28877","meteorjs,meteor.js","meteor"
"28830","","woocommerce"
"28437","activity,main-activity","android-activity"
"28336","","mobile"
"28301","checkboxes","checkbox"
"28139","method","methods"
"28068","nsmanagedobjectcontext,nsmanagedobject","core-data"
"27918","model-view-viewmodel","mvvm"
"27905","active-record-query,activerecord-relation","activerecord"
"27857","es6-harmony,es2015,ecmascript-2015,es6","ecmascript-6"
"27389","install,installer,setup,installing","installation"
"27377","moss","sharepoint"
"27355","","silverlight"
"27261","","groovy"
"27218","pyspark-dataframes","pyspark"
"27112","structs","struct"
"26973","","time"
"26948","recyclerview-layout,recyclerview,recycler-adapter","android-recyclerview"
"26937","viml,vimrc,vimscript,gvimrc,gvim","vim"
"26935","filters","filter"
"26900","","soap"
"26838","","ssh"
"26790","lambdaexpression,generic-lambda,lambda-functions,lambda-expressions","lambda"
"26526","upload-file,fileuploader,image-uploading","file-upload"
"26519","subversion","svn"
"26443","twitter-bootstrap-4,bootstrap-4.1.x,twitter-bootstrap-4-beta","bootstrap-4"
"26395","aspxgridview,nested-gridview","gridview"
"26268","bs4","beautifulsoup"
"26128","","sed"
"26086","","google-chrome-extension"
"26079","","boost"
"25970","memory-usage,memory-allocation,memory-deallocation","memory-management"
"25937","graphs","graph"
"25931","","dplyr"
"25692","","dynamic"
"25680","php-mysqli,mysqli-fetch-array","mysqli"
"25680","","plsql"
"25665","","c#-4.0"
"25554","htmllayout,html-layout,layouts","layout"
"25286","","junit"
"25112","search-and-replace,string-replacement,find-and-replace,replacement,text-replacement","replace"
"25072","acegi","spring-security"
"24967","kafka","apache-kafka"
"24945","web-browser,browsers","browser"
"24742","google-maps-v3,google-maps-api-v3","google-maps-api-3"
"24701","drf","django-rest-framework"
"24558",".dll,dynamic-link-library,dlls,dll-hell","dll"
"24554","ext,sencha","extjs"
"24381","datatype,datatypes,type","types"
"24342","msrs,ssrs-reports,reporting-service,sql-reporting-services,ssrs,microsoft-reporting","reporting-services"
"24281","charting-controls,chart,charting","charts"
"24274","twitter-api,twitter-rest-api,twitterkit,twitter-oauth","twitter"
"24254","excel-indirect,excel-match","excel-formula"
"24174","websockets","websocket"
"24140","plugin","plugins"
"24107","cmd.exe","cmd"
"24079","adobe-flex,flex-sdk","apache-flex"
"24014","scikits-learn,sklearn","scikit-learn"
"23922","highstock,highmaps","highcharts"
"23835","importing,imports","import"
"23777","ember,emberjs","ember.js"
"23744","","netbeans"
"23630","","unicode"
"23601","reflect","reflection"
"23599","di","dependency-injection"
"23590","","rust"
"23561","scss","sass"
"23464","","pdo"
"23446","foreach-loop,enhanced-for-loop","foreach"
"23269","","https"
"23247","","error-handling"
"23223","schema-design,table-design,database-modeling,database-architecture","database-design"
"23176","laravel-eloquent","eloquent"
"23144","rshiny","shiny"
"23055","msvc11,visual-studio-11,vs11,vs2011,vs2012","visual-studio-2012"
"22984","","ffmpeg"
"22912","while,while-loops","while-loop"
"22878","deploy,web-deployment","deployment"
"22834","vue2","vuejs2"
"22832","amazon-lambda","aws-lambda"
"22750","jqm","jquery-mobile"
"22699","makefiles,make","makefile"
"22665","encodings","encoding"
"22547","databind,wpf-binding","data-binding"
"22540","cmake-gui","cmake"
"22529","hashing,hashes,string-hashing,digest,hashalgorithm","hash"
"22484","collection,java-collections-api","collections"
"22477","group-by-time-interval,group-by-all,pandas-groupby","group-by"
"22409","","server"
"22246","services","service"
"22050","","command-line"
"21936","vs-team-services,visual-studio-team-services,visual-studio-online,vso,vsts,team-foundation-service,tfs-service","azure-devops"
"21873","","docker-compose"
"21854","","deep-learning"
"21772","merging","merge"
"21705","printer,print","printing"
"21571","jdk1.8,jdk1.8.0,openjdk-8,jdk8","java-8"
"21498","team-foundation-server,team-foundation","tfs"
"21399","twitter-bootstrap-3.0.2,twitter-bootstrap-3.0","twitter-bootstrap-3"
"21375","td,rowspan,colspan","html-table"
"21368","offline-web-app,web-application,webapps,webapp","web-applications"
"21317","tcp-ip,tcpip","tcp"
"21251","","redis"
"21193","terminals","terminal"
"21165","","webview"
"21091","string-split,splitting","split"
"21074","utf8-decode","utf-8"
"21021","async-ctp,await,.net-async-await","async-await"
"20923","neo4j2.0","neo4j"
"20809","","uwp"
"20806","selectbox,drop-down,dropdownlist","drop-down-menu"
"20778","google-web-toolkit","gwt"
"20663","backbonejs,backbone","backbone.js"
"20574","","datatable"
"20571","builds,build-process","build"
"20468","file-operations,fileinput,output-file,input-file,input-files,infile,outfile,output-files","file-io"
"20449","zf,zend","zend-framework"
"20429","views","view"
"20407","scrolling","scroll"
"20354","concurrency-violation,concurrent-programming,concurrent,concurency","concurrency"
"20328","apache-hive,hiveql","hive"
"20244","property-wrapper,swiftui-bug","swiftui"
"20178","","promise"
"20113","ko.observablearray,knockout,knockoutjs","knockout.js"
"20093","paypal-rest-sdk,express-checkout,paypal-express,paypal-checkout,paypal-sdk,paypal-api,paypalmerchantsdk","paypal"
"20076","modules","module"
"20011","enum,enumerations","enums"
"19961","","drupal"
"19957","oauth2","oauth-2.0"
"19944","","syntax"
"19858","","automation"
"19853","apache-solr","solr"
"19808","parameter,params,param","parameters"
"19779","google-analytics-filters","google-analytics"
"19745","windows-phone-7.5,wp7","windows-phone-7"
"19710","ssis-data-transformations,integration-services,dtsx,ssis-development","ssis"
"19666","","react-redux"
"19644","colour,colours,color","colors"
"19620","vs-2015-preview,visual-studio-2015-comm,visual-studio-2015-ce,vs2015","visual-studio-2015"
"19600","","parse-platform"
"19567","","datagridview"
"19557","11g","oracle11g"
"19547","microsoft-office-outlook,outlook-form,outlook-calendar,outlook-express,outlook-envelope-icon,outlook-macro","outlook"
"19507","icon-fonts,font","fonts"
"19368","computer-graphics,graphic","graphics"
"19345","constructors,ctor","constructor"
"19267","","django-views"
"19182","","count"
"19040","","sqlalchemy"
"19027","parallel-programming,parallel,parallelization,parallelism,parallel-computing","parallel-processing"
"19004","memory-leak","memory-leaks"
"18981","","lua"
"18979","socketio","socket.io"
"18939","","primefaces"
"18907","","oauth"
"18840","vs2013,vs-2013-preview,vs2013-update-4,vs-2013-update-2,vs-2013","visual-studio-2013"
"18747","pip3","pip"
"18691","microsoft-word,winword","ms-word"
"18544","timers","timer"
"18524","","scipy"
"18517","","uiview"
"18491","interfaces","interface"
"18418","sql2005,mssql2005","sql-server-2005"
"18408","swift3.0.2,swift3.0.1,swift3.0,swift3.1","swift3"
"18401","vbs","vbscript"
"18358","apache-cassandra","cassandra"
"18344","","arduino"
"18338","multi-layer-perceptron,neural-network-tuning","neural-network"
"18303","wp8","windows-phone-8"
"18284","","proxy"
"18262","","login"
"18250","typecast,cast,type-casting","casting"
"18187","spark-sql,spark-dataframe,pyspark-sql","apache-spark-sql"
"18171","css-flexbox,flex,flex-direction,flex-grow","flexbox"
"18112","ansible-playbook","ansible"
"18109","compiler-error,compile-errors,compile-error,compilation-error,compilation-errors","compiler-errors"
"18033","","three.js"
"18028","bigquery,python-bigquery,bigquery-ml,bigquery-standard-sql,google-bigquery-ml","google-bigquery"
"18028","remote-notifications,push-notifications","push-notification"
"18020","jars,.jar","jar"
"17948","dir,directories,folder,folders","directory"
"17943","jquery-datatables","datatables"
"17941","object-relational-mapping","orm"
"17743","django-modelform,django-formsets,django-modelforms,django-modelformsets","django-forms"
"17707","google-apis","google-api"
"17707","","linked-list"
"17693","database-trigger,sql-triggers,trigger","triggers"
"17622","spring-boot-jpa,spring-jpa","spring-data-jpa"
"17619","rspec-rails","rspec"
"17600","links,link,hyperlinks","hyperlink"
"17576","requests","python-requests"
"17474","angular-directive,directive","angularjs-directive"
"17471","models","model"
"17452","","nhibernate"
"17432","ipython-notebook","jupyter-notebook"
"17401","xamarin.droid,monodroid","xamarin.android"
"17347","comboboxes","combobox"
"17295","firebase-anonymous-authentication,firebasesimplelogin","firebase-authentication"
"17287","reactive-extensions-js","rxjs"
"17268","functional","functional-programming"
"17222","","emacs"
"17194","paths,pathname,filepath","path"
"17176","downloading,downloads,file-download","download"
"17108","processes","process"
"17105","property","properties"
"17101","custom-routes,routing,route","routes"
"17092","play-mvc","playframework"
"16988","clj,cljc,cljx","clojure"
"16984","","pygame"
"16940","","axios"
"16862","callbacks","callback"
"16850","","configuration"
"16779","doctrine2","doctrine-orm"
"16741","django-template-tags,django-template-filters","django-templates"
"16714","","sql-server-2012"
"16696","yii-mvc,php-yii,yii-db,yii-framework,cgridview","yii"
"16681","natural-language-processing,text-analysis,language-processing,natural-language-process,natural-language,computational-linguistics","nlp"
"16595","safari-bug","safari"
"16560","input-output","io"
"16523","jest","jestjs"
"16442","scripts","scripting"
"16436","cronexpression,cronjob,crontab","cron"
"16425","variable-scope","scope"
"16419","scc,source-code-control,sccs,vcs,source-control,revision-control,scm,source-code-management","version-control"
"16347","domain,domains","dns"
"16345","paginate","pagination"
"16328","bindings","binding"
"16325","kendo","kendo-ui"
"16303","","angular-material"
"16279","rewrite-url,rewrite,urlrewrite,urlrewriter","url-rewriting"
"16277","","react-router"
"16206","","responsive-design"
"16127","","uiviewcontroller"
"16117","","bluetooth"
"16100","","react-hooks"
"16052","permission","permissions"
"16025","apache-jmeter","jmeter"
"16003","compiling,compile","compilation"
"15948","","linux-kernel"
"15943","autocompletion,autocompleter","autocomplete"
"15924","scrapy-spider","scrapy"
"15911","fsharp","f#"
"15887","","get"
"15863","system-architecture,application-architecture,solution-architecture,software-architecture","architecture"
"15859","php-references,references","reference"
"15858","jsf2.0","jsf-2"
"15840","datapicker,datepicker-ui","datepicker"
"15778","3d-graphics","3d"
"15778","monotouch","xamarin.ios"
"15699","vs2008","visual-studio-2008"
"15675","myphpadmin","phpmyadmin"
"15673","","raspberry-pi"
"15608","controllers","controller"
"15576","","nullpointerexception"
"15562","","graphql"
"15560","","android-listview"
"15551","mvc5","asp.net-mvc-5"
"15493","static-vs-non-static","static"
"15484","","request"
"15429","trees","tree"
"15396","","bitmap"
"15324","","pyqt"
"15316","wpfdatagrid","datagrid"
"15292","asp.net-webforms,webform","webforms"
"15258","menus,menuitem,submenu","menu"
"15257","apache-ant","ant"
"15168","notification","notifications"
"15164","","youtube"
"15125","","joomla"
"15116","pgrep,fgrep,egrep","grep"
"15041","pentium,ia-32,ia32,80x86","x86"
"14981","transaction,transactional","transactions"
"14953","ef-core,entity-framework-7,efcore","entity-framework-core"
"14916","","yii2"
"14822","","jboss"
"14801","nil,nulls,nullvalue","null"
"14777","","ios7"
"14757","stl-containers","stl"
"14742","","jackson"
"14732","active-directory-group","active-directory"
"14731","sql-to-linq,linq2sql","linq-to-sql"
"14703","","devise"
"14541","asynctask","android-asynctask"
"14489","laravel-4.1","laravel-4"
"14426","nesting","nested"
"14409","charset-table","character-encoding"
"14333","","exception-handling"
"14332","streams,memorystream","stream"
"14321","","openssl"
"14188","statistical-analysis,stats","statistics"
"14148","","mongodb-query"
"14094","","routing"
"14082","","background"
"14010","","msbuild"
"13965","","pycharm"
"13939","","sdk"
"13910","hashmaps","hashmap"
"13888","opengles","opengl-es"
"13858","","uicollectionview"
"13850","","camera"
"13805","","ftp"
"13788","discordapp","discord"
"13763","","sas"
"13750","android-textview","textview"
"13745","","coldfusion"
"13695","mui","material-ui"
"13685","inserts","insert"
"13621","uploads","upload"
"13611","","pytorch"
"13609","tabpanel,tab","tabs"
"13606","","floating-point"
"13599","xml-schema","xsd"
"13595","","onclick"
"13553","firebase-cloud-functions,firebase-functions","google-cloud-functions"
"13538","mock,mocks,mocking-framework","mocking"
"13518","binary-system,binary-number","binary"
"13396","cv,machine-vision","computer-vision"
"13370","","sum"
"13351","pseudo-selectors,selectors,last-child,first-child,nth-child,css-sibling,nth-of-type,css-combinators,first-of-type,last-of-type","css-selectors"
"13295","cryptographic,crypto","cryptography"
"13199","azuread","azure-active-directory"
"13192","cuda-kernel,cudamalloc","cuda"
"13167","listiterator,iterators","iterator"
"13146","ndk","android-ndk"
"13140","xml-parser,parsexml","xml-parsing"
"13097","jquery-plugin","jquery-plugins"
"13061","nav","navigation"
"13039","","sprite-kit"
"13036","google-drive-sdk,google-drive-api-v3,google-drive","google-drive-api"
"13024","duplicate-entry,duplicate,duplicate-removal,duplicate-data,duplication,deduplication,no-duplicates,duplicate-content,duplicate-detection,ignore-duplicates","duplicates"
"12944","localisation,localize,l10n","localization"
"12928","calender","calendar"
"12912","json-web-token,jwt-auth","jwt"
"12898","","console"
"12853","","anaconda"
"12819","linking","linker"
"12775","","electron"
"12737","headers","header"
"12629","","gitlab"
"12607","vs2017","visual-studio-2017"
"12578","","jasmine"
"12549","dnd,drag-drop,draggable","drag-and-drop"
"12513","lisp-macros,scala-macros,macro,custom-macros","macros"
"12458","","gulp"
"12444","","time-series"
"12433","appcrash,crashes","crash"
"12406","newtonsoft","json.net"
"12399","","rabbitmq"
"12397","","libgdx"
"12372","","mfc"
"12359","","uiscrollview"
"12358","","prolog"
"12330","formating","formatting"
"12316","os,operating-systems","operating-system"
"12236","sigsegv,segfault","segmentation-fault"
"12228","textboxes","textbox"
"12211","annotation","annotations"
"12200","","powerbi"
"12179","crystal,crystal-report,sap-crystal-reports","crystal-reports"
"12158","","multiprocessing"
"12133","ionic3","ionic2"
"12115","typeconverting,data-type-conversion","type-conversion"
"12106","chars","char"
"12100","ci","continuous-integration"
"12095","android-gradle","android-gradle-plugin"
"12051","","leaflet"
"12002","","nosql"
"12000","timestamps","timestamp"
"11999","","centos"
"11990","","mapreduce"
"11963","attribute","attributes"
"11846","","discord.js"
"11840","rbindlist","data.table"
"11838","ios5-compatibility,ios5-sdk,ios-5.0,iphone-sdk-5.0","ios5"
"11828","keyboards","keyboard"
"11819","edittext","android-edittext"
"11815","component-object-model","com"
"11810","xammp","xampp"
"11809","","pyqt5"
"11773","asp.net-mvc-6,mvc-core","asp.net-core-mvc"
"11746","packages","package"
"11727","","fortran"
"11682","namespace,namespacing","namespaces"
"11681","lucene-index","lucene"
"11674","dialogue,dialogbox,dialogs","dialog"
"11666","geopositioning","geolocation"
"11606","circle","geometry"
"11558","ibm-db2","db2"
"11547","event-handler,event-handlers","event-handling"
"11520","automated-testing","automated-tests"
"11460","","mockito"
"11456","","android-emulator"
"11445","","windows-10"
"11441","formats","format"
"11440","","listbox"
"11440","int,integers","integer"
"11419","garbage-collector,gc","garbage-collection"
"11410","","webdriver"
"11405","eclipse-plugins,eclipse-plugin-dev","eclipse-plugin"
"11381","xmlhttp,xhr","xmlhttprequest"
"11377","asp,classic-asp","asp-classic"
"11344","","protractor"
"11322","sql2008r2","sql-server-2008-r2"
"11318","struts-2","struts2"
"11282","","jvm"
"11279","rotating,rotate","rotation"
"11277","","cors"
"11264","dependency","dependencies"
"11254","framework","frameworks"
"11237","yml","yaml"
"11237","uinavigation,navigationcontroller","uinavigationcontroller"
"11225","compiler,compilers,compiler-design","compiler-construction"
"11220","phpdoctrine","doctrine"
"11189","","kivy"
"11154","modal","modal-dialog"
"11104","dynamodb","amazon-dynamodb"
"11096","timezones,timezoneinfo,timezoneoffset","timezone"
"11085","","dockerfile"
"11078","chrome-web-driver,chromedriver","selenium-chromedriver"
"11053","","html5-canvas"
"11044","","uibutton"
"11040","env","environment-variables"
"11037","number","numbers"
"11034","","smtp"
"11018","win7,windows-7-api","windows-7"
"10996","","http-headers"
"10979","","wso2"
"10975","","arm"
"10946","","mariadb"
"10939","","ldap"
"10932","delegate,func-delegate","delegates"
"10878","i18n","internationalization"
"10875","","grid"
"10868","rs232","serial-port"
"10868","sets","set"
"10860","sonar","sonarqube"
"10857","jaxb2","jaxb"
"10854","ios-autolayout,nsautolayout","autolayout"
"10827","jquery-grid","jqgrid"
"10825","nextjs","next.js"
"10825","","sql-update"
"10776","firebase-notifications,fcm","firebase-cloud-messaging"
"10769","ruby-on-rails-gems,gem,gems","rubygems"
"10733","iphone-sdk-4,iphone-sdk-4.0,ios4.1,ios4.3,ios4.0.1,iphone-os-4,iphone-os-4.0,ios-4.0","ios4"
"10729","viewpager","android-viewpager"
"10728","","uiwebview"
"10722","","network-programming"
"10718","tag","tags"
"10705","","spring-data"
"10674","python-youtube-api,youtube-javascript-api,youtube.net-api","youtube-api"
"10673","python-subprocess-module,subprocesses","subprocess"
"10663","camel","apache-camel"
"10661","initialisation,initialize,uninitialized","initialization"
"10622","widgets","widget"
"10613","switch,switch-case","switch-statement"
"10593","return-statement","return"
"10551","bool","boolean"
"10544","jenkins-workflow,jenkinsfile,jenkins-shared-libraries","jenkins-pipeline"
"10543","","uiimageview"
"10532","entity-framework-6.1,ef6","entity-framework-6"
"10452","vb-classic","vb6"
"10416","google-play-store,android-market,market","google-play"
"10412","","nuget"
"10407","fk-relationship,foreign-key,foreign-key-relationship","foreign-keys"
"10398","","ionic3"
"10378","","ide"
"10378","","find"
"10377","","qml"
"10338","discord.py-rewrite","discord.py"
"10338","","copy"
"10331","pop-up","popup"
"10325","windows-8-preview","windows-8"
"10268","cocos2d-swift,cocos2d","cocos2d-iphone"
"10263","azure-function-app","azure-functions"
"10250","","gdb"
"10239","angularjs-ui-router,ui-router","angular-ui-router"
"10217","tuple","tuples"
"10212","","jersey"
"10180","sequelize","sequelize.js"
"10168","mongodb-aggregation","aggregation-framework"
"10158","","base64"
"10131","composer,composer.json","composer-php"
"10118","","queue"
"10089","datasets","dataset"
"10053","","gps"
"10051","","twig"
"10049","optionbutton,option-button,radiobutton","radio-button"
"10047","","frontend"
"10044","password","passwords"
"10043","component","components"
"10038","user-control","user-controls"
"10009","","udp"
"9984","argument","arguments"
"9969","sync","synchronization"
"9909","","hover"
"9905","stacks","stack"
"9893","","fetch"
"9884","appendto","append"
"9868","conditions,conditionals,condition,conditional","conditional-statements"
"9862","","mono"
"9827","commands","command"
"9826","","cucumber"
"9814","","drupal-7"
"9803","","java-stream"
"9795","","int"
"9790","google-mail","gmail"
"9778","wixlib","wix"
"9776","","pivot"
"9756","","terraform"
"9753","migrations","migration"
"9742","coffee","coffeescript"
"9740","","ado.net"
"9727","","imageview"
"9664","subqueries,subselect","subquery"
"9649","","swagger"
"9647","microsoft-graph,ms-graph,microsoftgraph","microsoft-graph-api"
"9603","","g++"
"9602","","jframe"
"9600","","uikit"
"9598","const,constant,non-const","constants"
"9572","chartjs,charts.js","chart.js"
"9536","connections","connection"
"9488","r-plotly","plotly"
"9481","iis7","iis-7"
"9473","polymorphic","polymorphism"
"9468","saving","save"
"9428","","postman"
"9427","sliders","slider"
"9413","iterative","iteration"
"9399","simple-build-tool","sbt"
"9349","","debian"
"9340","azure-web-apps,azure-app-service,azure-web-sites","azure-web-app-service"
"9332","","ios8"
"9319","phpunit-testing","phpunit"
"9299","","django-admin"
"9293","jni","java-native-interface"
"9286","rad-controls","telerik"
"9284","","compare"
"9275","google-admob","admob"
"9272","include-files,includes","include"
"9271","dijit.form,dijit.layout,dijit.tree,dojo.data,dojo-store,dojo-layer,dojo.stateful,dojo-require,dgrid,dijit,dojox","dojo"
"9267","ranges","range"
"9265","","latex"
"9262","embedded-systems,embedded-control","embedded"
"9244","digital-certificate,certificates","certificate"
"9217","","gson"
"9196","","erlang"
"9174","uistoryboard,xcode-storyboard","storyboard"
"9170","julia-lang,julialang","julia"
"9166","","ssl-certificate"
"9160","labels","label"
"9160","","localhost"
"9152","rails5","ruby-on-rails-5"
"9144","","actionscript"
"9138","webspiders,web-spider,webcrawling,crawler,crawl,crawling,spider","web-crawler"
"9137","","wsdl"
"9114","itextpdf,itextsharp","itext"
"9108","","location"
"9104","container","containers"
"9102","","uiimage"
"9085","grunt-cli,grunt","gruntjs"
"9036","authorisation","authorization"
"9006","","zip"
"9002","force.com,salesforce.com","salesforce"
"8996","","timeout"
"8990","exponentjs","expo"
"8973","poi","apache-poi"
"8966","resource","resources"
"8964","google-storage","google-cloud-storage"
"8957","","ckeditor"
"8957","","vue-component"
"8953","","angularjs-scope"
"8952","browser-compatibility","cross-browser"
"8929","clicked","click"
"8919","","treeview"
"8904","hexadecimal,hexadecimal-notation","hex"
"8902","","map"
"8890","","fullcalendar"
"8867","realm.io,realm-net,realmswift,android-realm,realm-cocoa","realm"
"8866","actionbar","android-actionbar"
"8857","resizing","resize"
"8853","filesystem","filesystems"
"8848","","flutter-layout"
"8843","","window"
"8838","piping,pipes","pipe"
"8813","babel","babeljs"
"8810","","output"
"8805","","ip"
"8771",".net-framework-4.0,.net4",".net-4.0"
"8769","iap","in-app-purchase"
"8766","","log4j"
"8757","cartography","maps"
"8742","","local-storage"
"8738","icon","icons"
"8734","threadsafe,thread-safe","thread-safety"
"8732","iphone-sdk-6.0","ios6"
"8726","google-linechart,google-organization-chart,google-timeline-chart,gchart,google-chartwrapper,google-charts,google-charts-api,google-geochart","google-visualization"
"8717","cypher-query","cypher"
"8698","zf2","zend-framework2"
"8694","","odbc"
"8691","","export"
"8646","kernel-programming","kernel"
"8636","llvm-clang","clang"
"8627","","time-complexity"
"8595","winservice,windows-service","windows-services"
"8595","","position"
"8590","jquery-selector","jquery-selectors"
"8577","wordpress-themes","wordpress-theming"
"8565","winrt","windows-runtime"
"8559","substrings","substring"
"8553","ie8,msie8","internet-explorer-8"
"8549","elixir-lang,elixir-framework","elixir"
"8548","","twilio"
"8536","","sharepoint-2010"
"8522","sprintf,fprintf,snprintf,vsprintf,vsnprintf,vswprintf","printf"
"8517","stripe.js,stripe-connect,stripe.net,stripe-checkout,stripe-api,react-stripe-elements,stripe-subscriptions,stripe-elements,stripe-payout,stripe-invoices,stripe-cli,stripe-webhooks,react-native-stripe-api,stripe-terminal,dj-stripe,stripe-testing,stripe-ruby,stripe-billing,stripe-react-native","stripe-payments"
"8514","","typo3"
"8506","keys","key"
"8504","","cocoapods"
"8495","","observable"
"8493","","imagemagick"
"8493","","syntax-error"
"8487","swift2.0,swift2.1,swift2.2.1,swift2.2,swift2.3","swift2"
"8486","","runtime-error"
"8473","asp-net-mvc2,asp.net-mvc2,mvc2","asp.net-mvc-2"
"8455","uncompress,decompression,decompress,data-compression,compressed,compress","compression"
"8452","","pattern-matching"
"8452","style","styles"
"8445","web.config","web-config"
"8445","","blackberry"
"8440","mappings","mapping"
"8426","","vagrant"
"8423","","signalr"
"8396","","jtable"
"8370","","uitextfield"
"8347","jasperprint,jrxml,jasper,jasper-plugin","jasper-reports"
"8347","","dom-events"
"8343","msi,msiexec","windows-installer"
"8342","escape,escaped-characters,escape-sequence,escape-character,escaped,unescape,string-escaping,double-escaping,character-escaping","escaping"
"8339","microsoft-bot-framework,adaptive-dialogs,bot-framework-composer,botbuilder,botconnector","botframework"
"8334","","ef-code-first"
"8316","","logic"
"8283","","malloc"
"8275","pthread","pthreads"
"8273","","polymer"
"8253","closure","closures"
"8241","post-request","http-post"
"8225","rmarkdown","r-markdown"
"8216","ble","bluetooth-lowenergy"
"8205","lock","locking"
"8190","repository-pattern,repositories","repository"
"8185","android-broadcastreceiver","broadcastreceiver"
"8177","control","controls"
"8174","language-independent","language-agnostic"
"8167","c++1z","c++17"
"8165","","webrtc"
"8153","hg","mercurial"
"8136","elastic-beanstalk,aws-elasticbeanstalk,beanstalk","amazon-elastic-beanstalk"
"8135","cloud-computing,cloud-hosting","cloud"
"8101","singleton-class,singleton-methods,application-singleton","singleton"
"8098","concatenate,concat","concatenation"
"8091","","cursor"
"8067","","applescript"
"8067","","regression"
"8050","sql-azure,azure-sql","azure-sql-database"
"8040","constraint","constraints"
"8016","align","alignment"
"8011","global-variable","global-variables"
"7989","aspnet-identity","asp.net-identity"
"7985","streaming","video-streaming"
"7979","","many-to-many"
"7976","mocha","mocha.js"
"7975","material-theme","material-design"
"7968","maximum","max"
"7958","","testng"
"7956","","android-sqlite"
"7938","","logstash"
"7936","","qt5"
"7933","nuxtjs,nuxt","nuxt.js"
"7909","","hdfs"
"7907","bot","bots"
"7895","","angular6"
"7876","gtk+","gtk"
"7867","","fragment"
"7850","try-statement,try-catch-throw,try,catch","try-catch"
"7836","","thymeleaf"
"7835","","operator-overloading"
"7833","cli","command-line-interface"
"7832","adobe-air","air"
"7816","c++1y","c++14"
"7813","","celery"
"7810","","akka"
"7803","","double"
"7796","google-api-oauth,google-authentication,google-oauth2","google-oauth"
"7795","","google-chrome-devtools"
"7778","","retrofit"
"7772","clients","client"
"7760","","webserver"
"7757","tiny","tinymce"
"7756","jinja","jinja2"
"7744","apns","apple-push-notifications"
"7726","convolutional-neural-network,cnn","conv-neural-network"
"7720","","windows-phone-8.1"
"7704","","scheme"
"7696","code-conventions,clean-code,spaghetti-code,ugly-code,coding-guidelines,coding-convention,coding-standards,code-style,programming-style","coding-style"
"7664","","glassfish"
"7646","","app-store"
"7645","require.js","requirejs"
"7635","","tableview"
"7631","override,method-overriding,function-overriding,overrides","overriding"
"7627","","asp.net-web-api2"
"7615","ng-repeat","angularjs-ng-repeat"
"7613","","phantomjs"
"7607","","office365"
"7601","","cygwin"
"7599","build-gradle","build.gradle"
"7597","rssfeed","rss"
"7580","seo-friendly","seo"
"7578","tasks","task"
"7569","","match"
"7568","","apache2"
"7566","","comparison"
"7560","usbdevice","usb"
"7554","outofmemoryexception,outofmemoryerror","out-of-memory"
"7540","gpu-programming","gpu"
"7512","","pandas-groupby"
"7499","japplet,java-applet,applets","applet"
"7488","pillow,pil,python-pil","python-imaging-library"
"7471","bourne-shell","sh"
"7426","","bitbucket"
"7424","ef4","entity-framework-4"
"7417","left-outer-join","left-join"
"7408","refactor","refactoring"
"7407","full-text-indexing,fulltext-searching,fulltext,fts","full-text-search"
"7383","javax.ws.rs","jax-rs"
"7375","theme","themes"
"7367","argument-passing","parameter-passing"
"7359","media-query","media-queries"
"7357","","html5-video"
"7345","","jpanel"
"7340","text-message,text-messages,short-message-service","sms"
"7326","","spring-batch"
"7317","vm","virtual-machine"
"7317","","runtime"
"7313","mulesoft,mule-esb","mule"
"7304","","seaborn"
"7302","","xna"
"7293","","kendo-grid"
"7286","moment.js","momentjs"
"7286","xrm,mscrm,microsoft-dynamics-crm","dynamics-crm"
"7278","handlebars","handlebars.js"
"7277","so,shared-library","shared-libraries"
"7275","states","state"
"7266","","laravel-5.2"
"7265","gcm,android-gcm","google-cloud-messaging"
"7247","","bigdata"
"7237","","nativescript"
"7235","","jms"
"7224","bitwise,bit-twiddling,bit-fiddling","bit-manipulation"
"7224","","webkit"
"7221","","markdown"
"7213","","microservices"
"7206","","react-native-android"
"7206","firefox-extension","firefox-addon"
"7203","","glsl"
"7185","characters","character"
"7183","","operators"
"7167","","tcl"
"7157","android-sharedpreferences","sharedpreferences"
"7155","ai","artificial-intelligence"
"7133","","android-webview"
"7108","bytes","byte"
"7107","","nsstring"
"7100","lesscss","less"
"7099","http-request","httprequest"
"7096","classifier","classification"
"7091","","deserialization"
"7080","","bootstrap-modal"
"7061","","spring-integration"
"7049","","progress-bar"
"7047","android-apk,android-install-apk","apk"
"7042","orderby,order-by","sql-order-by"
"7041","","rstudio"
"7029","google-datastore,gae-datastore","google-cloud-datastore"
"7010","wxpython-phoenix","wxpython"
"7005","reports","report"
"7002","ruby-on-rails-3.2.1","ruby-on-rails-3.2"
"7000","expressions","expression"
"6998","","odata"
"6982","","appium"
"6977","playframework-2.x","playframework-2.0"
"6975","vuetify","vuetify.js"
"6961","","uilabel"
"6961","","react-navigation"
"6958","","windows-store-apps"
"6956","cms","content-management-system"
"6951","10g","oracle10g"
"6947","","load"
"6945","","retrofit2"
"6944","openshift-origin,openshift-client-tools,openshift-enterprise","openshift"
"6934","azure-devops-pipelines,vsts-build,tfs-vnext,vso-build","azure-pipelines"
"6920","","streaming"
"6916","google-services,google-services-json","google-play-services"
"6896","decimals","decimal"
"6890","","pdf-generation"
"6888","","jetty"
"6887","case-when,case-expression,case-statement","case"
"6885","","devexpress"
"6884","","hbase"
"6867","","focus"
"6858","","nunit"
"6856","windows-registry","registry"
"6853","blobs","blob"
"6850","","phpstorm"
"6846","ibm-was,ibm-was-oc,ibm","websphere"
"6845","","angular-cli"
"6832","","ipython"
"6830","","data-science"
"6829","adb-shell,android-debug-bridge","adb"
"6827","","aggregate"
"6818","","windows-phone"
"6809","","data-visualization"
"6791","schemas","schema"
"6782","liquid,shopify-template","shopify"
"6778","","2d"
"6773","","pivot-table"
"6751","","row"
"6751","aws-redshift,redshift","amazon-redshift"
"6739","","ocaml"
"6733","jquery-validation-plugin","jquery-validate"
"6727","","rx-java"
"6707","sso","single-sign-on"
"6706","py.test","pytest"
"6702","","size"
"6693","l2e","linq-to-entities"
"6691","","vuex"
"6681","signal","signals"
"6677","xhtml5,valid-xhtml","xhtml"
"6663","tooltips","tooltip"
"6648","","notepad++"
"6644","","virtualenv"
"6639","volley","android-volley"
"6637","","ejb"
"6630","","nltk"
"6629","","jsoup"
"6625","","jenkins-plugins"
"6595","","conditional"
"6592","","lisp"
"6590","tokens","token"
"6584","fscanf,sscanf","scanf"
"6583","","database-connection"
"6570","vs-2019","visual-studio-2019"
"6564","","angular5"
"6564","bluemix,ibm-bluemix","ibm-cloud"
"6561","ui5,sapui,openui5,sapui5-smartchart,sapui5-smart-table,ui5-library,sapui5-theming,sapui5-smarttable,sapui5-opa,sapui5-smartfield","sapui5"
"6555","sql-management-studio,sqlservermanagementstudio,management-studio","ssms"
"6553","","android-service"
"6542","sailsjs,sails","sails.js"
"6542","","tidyverse"
"6535","","filtering"
"6531","","jsx"
"6525","importrange,google-sheets-query,gs-vlookup,google-sheets-vlookup,google-sheets-importxml","google-sheets-formula"
"6520","","console-application"
"6508","barplot,bar-graph","bar-chart"
"6505","","aes"
"6496","task-scheduler,task-scheduling","scheduled-tasks"
"6457","","relational-database"
"6449","tabbarcontroller","uitabbarcontroller"
"6440","","grouping"
"6425","buffers","buffer"
"6416","","scrollview"
"6413","","language-lawyer"
"6394","aws-cloudformation,cloudformation","amazon-cloudformation"
"6392","chef12.0,chef,opscode,chefdk,chef-solo,chef-recipe","chef-infra"
"6391","javascript-event","javascript-events"
"6379","us-ascii","ascii"
"6369","sql-developer","oracle-sqldeveloper"
"6365","query-performance,sql-tuning,query-tuning","query-optimization"
"6362","uml-modeling,uml-modelling","uml"
"6347","asp.net-blazor","blazor"
"6332","method-overloading,function-overloading,overload","overloading"
"6323","lodash-es","lodash"
"6323","","liferay"
"6321","","sitecore"
"6318","404","http-status-code-404"
"6316","text-file","text-files"
"6313","","mpi"
"6309","server-client","client-server"
"6309","apache-airflow,airflow-scheduler,airflow-operator,apache-airflow-xcom,airflow-worker","airflow"
"6307","","awt"
"6305","passportjs","passport.js"
"6304","","android-camera"
"6288","","jupyter"
"6265","processing.org","processing"
"6262","","png"
"6249","","gem"
"6246","shaders","shader"
"6244","google-calendar-api3,gcal,google-calendar-recurring-events,google-calendar-reminders,google-calendar","google-calendar-api"
"6224","mspowerpoint,microsoft-powerpoint,ppt,pptx","powerpoint"
"6223","","httpclient"
"6221","protobuf,google-protocol-buffer,proto,google-protobuf,protoc,protobufs","protocol-buffers"
"6214","","flask-sqlalchemy"
"6208","integration-tests","integration-testing"
"6202","","interface-builder"
"6197","","touch"
"6195","","sublimetext3"
"6195","cross-origin","cross-domain"
"6184","","mysql-workbench"
"6179","","gnuplot"
"6177","","mingw"
"6168","structures","structure"
"6159","a11y","accessibility"
"6156","keyframe,css-keyframes","css-animations"
"6149","","rsa"
"6146","xcode6-beta3,xcode6-beta4","xcode6"
"6141","ports","port"
"6138","","inner-join"
"6135","pugjs,jade","pug"
"6134","forking","fork"
"6129","undef","undefined"
"6123","jquery-animation,animate","jquery-animate"
"6118","","avfoundation"
"6086","storing","storage"
"6084","","uinavigationbar"
"6084","","osgi"
"6079","reportingservices-2008","ssrs-2008"
"6079","","textarea"
"6067","mobilefirst,worklight","ibm-mobilefirst"
"6067","coordinate","coordinates"
"6063","","vsto"
"6062","binary-trees","binary-tree"
"6062","","rendering"
"6056","","entity"
"6041","","c++-cli"
"6037","gce","google-compute-engine"
"6008","azure-documentdb","azure-cosmosdb"
"5995","","webgl"
"5987","","couchdb"
"5983","big-theta,o-notation","big-o"
"5982","swtoolkit","swt"
"5980","java-util-scanner","java.util.scanner"
"5977","comprehension","list-comprehension"
"5967","versions","version"
"5962","","karma-jasmine"
"5962","comment,code-comments,commenting","comments"
"5962","","height"
"5958","testdrivendevelopment,test-driven,testdrivendesign","tdd"
"5954","","aws-api-gateway"
"5950","subsetting","subset"
"5948","ddd","domain-driven-design"
"5939","","editor"
"5939","","weblogic"
"5937","","wildfly"
"5933","x64,64bit","64-bit"
"5920","","asp.net-core-webapi"
"5919","association","associations"
"5919",".net-framework-3.5,framework3.5",".net-3.5"
"5913","","javafx-8"
"5910","jabber","xmpp"
"5904","browser-scrollbars,scrollbars","scrollbar"
"5901","","ms-access-2010"
"5895","tpl","task-parallel-library"
"5891","openerp","odoo"
"5887","","teamcity"
"5882","","this"
"5882","brew","homebrew"
"5880","","automapper"
"5867","","puppeteer"
"5863","image-zoom,page-zoom","zooming"
"5855","","openerp"
"5853","","histogram"
"5851","parameterized-query,parameterized-queries,prepare,prepared-statements","prepared-statement"
"5850","uncaught-typeerror","typeerror"
"5846","","alamofire"
"5837","","firebase-storage"
"5830","","mouseevent"
"5826","","jekyll"
"5825","css-clear,float-css","css-float"
"5821","wificonfiguration,802.11,wlan,wifi-configuration","wifi"
"5809","","boto3"
"5806","","excel-2010"
"5798","generators","generator"
"5795","","pymongo"
"5793","","uri"
"5788","","adobe"
"5782","jme,j2me","java-me"
"5778","","width"
"5766","","conda"
"5753","","preg-replace"
"5726","css3-transitions","css-transitions"
"5725","binary-search-trees,bst","binary-search-tree"
"5720","queryset,django-queries","django-queryset"
"5719","hyperledger","hyperledger-fabric"
"5714","","metadata"
"5709","","capybara"
"5707","javascriptobject","javascript-objects"
"5706","","swift4"
"5703","absolute-positioning,relative-positioning,position-fixed,css-positioning","css-position"
"5701","","drawing"
"5701","","backend"
"5701","underscore","underscore.js"
"5700","lines","line"
"5698","","robotframework"
"5698","","common-lisp"
"5696","htmlparser","html-parsing"
"5695","omp","openmp"
"5695","","uitextview"
"5689","windows-azure-storage","azure-storage"
"5688","mkmapkit","mapkit"
"5687","","instagram"
"5682","ul,li,ol,ordered-list,unordered-list","html-lists"
"5679","","ionic4"
"5670","","cross-platform"
"5669","iphone-simulator,ipad-simulator","ios-simulator"
"5663","data-clustering,clustering","cluster-analysis"
"5653","","android-widget"
"5647","","pyqt4"
"5644","","maven-2"
"5643","","dax"
"5638","appstoreconnect,itunesconnect,itunes-connect","app-store-connect"
"5638","","carousel"
"5635","vectorize,vectorizing","vectorization"
"5635","","virtualbox"
"5634","","overflow"
"5630","gz","gzip"
"5623","profiling-tools","profiling"
"5621","microsoft-office","ms-office"
"5616","fields","field"
"5613","flink,flink-streaming","apache-flink"
"5607","","mapbox"
"5604","","llvm"
"5602","subdomains","subdomain"
"5600","","extjs4"
"5590","","directx"
"5586","windows-universal","win-universal-app"
"5580","","nodes"
"5568","multiple-backgrounds","background-image"
"5567","","vaadin"
"5565","android-navigation-drawer","navigation-drawer"
"5559","texture","textures"
"5557","interoperability","interop"
"5551","","exec"
"5548","","activemq"
"5546","","python-3.6"
"5543","","prestashop"
"5540","","android-manifest"
"5535","","toggle"
"5535","","vhdl"
"5532","geographical-information","gis"
"5524","","chat"
"5523","phonegap-plugins","cordova-plugins"
"5520","","httpwebrequest"
"5516","","tomcat7"
"5515","drivers","driver"
"5514","posix-api","posix"
"5511","alertdialog","android-alertdialog"
"5509","","kibana"
"5509","","xslt-1.0"
"5494","ie11","internet-explorer-11"
"5491","","devops"
"5491","","wpf-controls"
"5477","","echo"
"5474","aws-java-sdk,aws-sdk-cpp,aws-sdk-js,amazon-sdk","aws-sdk"
"5471","fluent-nhibernate-mapping","fluent-nhibernate"
"5471","amd64","x86-64"
"5469","","lstm"
"5464","","jstl"
"5457","","ember-data"
"5456","combination","combinations"
"5452","uniqueness","unique"
"5450","","backup"
"5445","","c-preprocessor"
"5441","xcode4.5","xcode4"
"5439","","eclipse-rcp"
"5426","embedded-javascript","ejs"
"5408","lazy-load,lazyload,lazy-initialization","lazy-loading"
"5405","apache-cxf","cxf"
"5404","","oracle-apex"
"5400","","opencl"
"5396","msas,analysis-services","ssas"
"5394","wampserver","wamp"
"5388","borders","border"
"5388","","android-animation"
"5382","","xpages"
"5376","","gitlab-ci"
"5372","colab","google-colaboratory"
"5368","plt-scheme,drscheme,drracket","racket"
"5360","configuration-files","config"
"5356","","titanium"
"5355","","sparql"
"5352","warning","warnings"
"5342","linearmodels,multiple-regression","linear-regression"
"5342","listeners","listener"
"5339","","nsarray"
"5337","room","android-room"
"5331","","response"
"5328","","sinatra"
"5323","","nestjs"
"5321","","transform"
"5317","","verilog"
"5317","","nsmutablearray"
"5312","","mips"
"5311","api.ai,dialogflow","dialogflow-es"
"5310","","pyinstaller"
"5304","","qt4"
"5299","","preg-match"
"5299","","ocr"
"5296","","fancybox"
"5293","","ruby-on-rails-3.1"
"5286","","hosting"
"5272","opencart-events,opencart-module","opencart"
"5260","protocol","protocols"
"5257","","dropdown"
"5252","","angular7"
"5250","","spark-streaming"
"5241","aws-cognito,cognito","amazon-cognito"
"5231","dsp,digital-signal-processing","signal-processing"
"5221","navigationbar","navbar"
"5214","slicing,array-slice,slices,string-slice","slice"
"5214","prototypes","prototype"
"5206","","jira"
"5206","facebook-jssdk","facebook-javascript-sdk"
"5201","silverlight-4","silverlight-4.0"
"5200","formulas","formula"
"5195","cluster,clusters","cluster-computing"
"5182","piglatin,pig","apache-pig"
"5176","windows-azure-blob,azure-blob-storage","azure-storage-blobs"
"5174","hooking,hooks","hook"
"5171","gke,google-container-engine","google-kubernetes-engine"
"5153","","asp.net-ajax"
"5146","","submit"
"5145","docusign","docusignapi"
"5143","","bundle"
"5126","","phpmailer"
"5123","","moq"
"5122","","zurb-foundation"
"5116","","cgi"
"5114","memcache","memcached"
"5099","","push"
"5096","servicestack-bsd,servicestack-text","servicestack"
"5093","uistoryboardsegue","segue"
"5089","sequences","sequence"
"5076","","codeigniter-3"
"5070","","refresh"
"5069","tableau,tableau-server,tableau-online,tableau-public","tableau-api"
"5064","tapply","apply"
"5063","","mqtt"
"5061","data-extraction,extraction","extract"
"5050","javax.mail,javamail","jakarta-mail"
"5049","branches,branching","branch"
"5048","","spinner"
"5045","asyncio","python-asyncio"
"5043","avg","average"
"5042","shortcut-key","keyboard-shortcuts"
"5035","relationships","relationship"
"5029","","hashtable"
"5009","setting,usersettings,user-settings","settings"
"5003","rds,aws-rds","amazon-rds"